{"cameraMode":{"drawMode":0,"name":"Shaded","section":"Shading Mode"},"sceneLighting":false,"audioPlay":false,"sceneViewState":{"showFog":true,"showMaterialUpdate":false,"showSkybox":true,"showFlares":true,"showImageEffects":true,"showParticleSystems":true},"in2DMode":false,"pivot":{"x":-1.2300000190734864,"y":0.0,"z":9.670711517333985},"rotation":{"x":0.04828423261642456,"y":-0.4743160307407379,"z":0.026065202429890634,"w":0.8786430358886719},"size":4.892360210418701,"orthographic":true}